{
  "project_info": {
    "project_number": "548542287162",
    "firebase_url": "https://otpverification-dbf81.firebaseio.com",
    "project_id": "otpverification-dbf81",
    "storage_bucket": "otpverification-dbf81.appspot.com"
  },
  "client": [
    {
      "client_info": {
        "mobilesdk_app_id": "1:548542287162:android:995d75512a10a464",
        "android_client_info": {
          "package_name": "com.appdid.otpverification"
        }
      },
      "oauth_client": [
        {
          "client_id": "548542287162-v6s6bltrbsmemkktaa93vqcrqmmq45mm.apps.googleusercontent.com",
          "client_type": 1,
          "android_info": {
            "package_name": "com.appdid.otpverification",
            "certificate_hash": "8752718a0637205129d1226af28e0866ecd35f11"
          }
        },
        {
          "client_id": "548542287162-kcsit8sufdg0n246mmc8ne6qj9b55kgk.apps.googleusercontent.com",
          "client_type": 3
        }
      ],
      "api_key": [
        {
          "current_key": "AIzaSyAoui54IvLNclanWhmvmrJGuWJC41gjwBg"
        }
      ],
      "services": {
        "appinvite_service": {
          "other_platform_oauth_client": [
            {
              "client_id": "548542287162-kcsit8sufdg0n246mmc8ne6qj9b55kgk.apps.googleusercontent.com",
              "client_type": 3
            }
          ]
        }
      }
    }
  ],
  "configuration_version": "1"
}